"","pairs","F.Model","R2","p.value","p.adjusted"
"1","Triassic vs Jurassic",8.95626031263228,0.0845279012887595,0.001,0.0015
"2","Triassic vs Cretaceous",13.4007751198338,0.149895513790247,0.001,0.0015
"3","Jurassic vs Cretaceous",3.3254499527297,0.0435693461982765,0.022,0.022
