"","statistic..t","parameter..df","p.value","stderr"
"Triassic : Jurassic",-40.5871492915725,197.728989349239,1.53614067142265e-97,0.146344353894163
"Jurassic : Cretaceous",-14.5114854221372,149.225050323955,5.13491060368695e-30,0.227720500779585
