"","statistic..t","parameter..df","p.value","stderr"
"Early Triassic : Middle Triassic",-38.0356199350619,132.831260333598,1.9554932535656e-72,0.112734435859071
"Middle Triassic : Late Triassic",-9.03018808604957,149.492663663266,5.60245809778709e-15,0.224086953442481
"Late Triassic : Early Jurassic",-15.3235459129242,150.444928696787,1.10815307843309e-31,0.224617549366199
"Early Jurassic : Middle Jurassic",-3.49068884175178,107.23226427342,0.00490392574164312,0.525547327742915
"Middle Jurassic : Late Jurassic",-1.73879738002087,145.829116463561,0.589265680377724,0.576050699798442
"Late Jurassic : Early Cretaceous",-5.20921313949987,154.797573988287,4.17491899078306e-06,0.531702161422779
"Early Cretaceous : Late Cretaceous",2.45099442619091,121.643934966923,0.109673809219751,0.490985638999215
