"","statistic..t","parameter..df","p.value","stderr"
"Triassic : Jurassic",-40.5871492915725,197.728989349239,7.68070335711323e-98,0.146344353894163
"Jurassic : Cretaceous",-14.5114854221372,149.225050323955,2.56745530184347e-30,0.227720500779585
